user_id,user_name,user_emnail,user_gender
1,Johnson,emily.johnson@x.dummyjson.com,female
2,Williams,michael.williams@x.dummyjson.com,male
3,Brown,sophia.brown@x.dummyjson.com,female
4,Davis,james.davis@x.dummyjson.com,male
5,Miller,emma.miller@x.dummyjson.com,female
6,Wilson,olivia.wilson@x.dummyjson.com,female
7,Jones,alexander.jones@x.dummyjson.com,male
8,Taylor,ava.taylor@x.dummyjson.com,female
9,Martinez,ethan.martinez@x.dummyjson.com,male
10,Anderson,isabella.anderson@x.dummyjson.com,female
11,Garcia,liam.garcia@x.dummyjson.com,male
12,Rodriguez,mia.rodriguez@x.dummyjson.com,female
13,Hernandez,noah.hernandez@x.dummyjson.com,male
14,Lopez,charlotte.lopez@x.dummyjson.com,female
15,Gonzalez,william.gonzalez@x.dummyjson.com,male
16,Perez,avery.perez@x.dummyjson.com,female
17,Sanchez,evelyn.sanchez@x.dummyjson.com,female
18,Torres,logan.torres@x.dummyjson.com,male
19,Rivera,abigail.rivera@x.dummyjson.com,female
20,Evans,jackson.evans@x.dummyjson.com,male
21,Collins,madison.collins@x.dummyjson.com,female
22,Stewart,elijah.stewart@x.dummyjson.com,male
23,Morales,chloe.morales@x.dummyjson.com,female
24,Nguyen,mateo.nguyen@x.dummyjson.com,male
25,Kelly,harper.kelly@x.dummyjson.com,female
26,Gonzalez,evelyn.gonzalez@x.dummyjson.com,female
27,Cook,daniel.cook@x.dummyjson.com,male
28,Lee,lily.lee@x.dummyjson.com,female
29,Hill,henry.hill@x.dummyjson.com,male
30,Wright,addison.wright@x.dummyjson.com,female
