uid,uname,gender
2,Giustino,Male
6,Franklyn,Male
10,Shurlocke,Male
12,Eben,Male
15,Brandtr,Male
16,Dun,Male
17,Merell,Male
19,Byrle,Male
20,Tito,Male
21,Grange,Male
22,Alano,Male
25,Trenton,Male
26,Eric,Male
30,Mitch,Male
34,See,Male
35,Gherardo,Male
36,Haze,Male
40,Denny,Male
41,Bentley,Male
43,Jessie,Male
48,Boony,Male
49,Rriocard,Male
50,Feodor,Male
52,Boycie,Male
54,Bradney,Male
58,Shalom,Male
60,Thor,Male
61,Allister,Male
63,Mathian,Male
64,Niccolo,Male
67,Hamid,Male
68,Cheston,Male
69,Boothe,Male
70,Eduard,Male
71,Deck,Male
72,Barr,Male
76,Case,Male
77,Baily,Male
79,Winnie,Male
81,Levy,Male
83,Penn,Male
88,Cammy,Male
94,Gus,Male
95,Quinn,Male
97,Stinky,Male
