id,name,email
1,Jolyn,jpenticoot0@home.pl
2,Amos,alongdon1@upenn.edu
3,Anabelle,ahasker2@census.gov
4,Hershel,hmeachen3@noaa.gov
5,Katleen,kbortolotti4@blogspot.com
6,Etty,eharbin5@home.pl
7,Bunny,bstritton6@nyu.edu
8,Lowell,llensch7@loc.gov
9,Valle,vdury8@timesonline.co.uk
10,Freida,fburghill9@yellowbook.com
11,Woodman,wsturea@yelp.com
12,Bartholomeo,bebblesb@pcworld.com
13,Elnora,elaybournc@sbwire.com
14,Trever,ttwortd@tiny.cc
15,Lula,lelricke@eepurl.com
16,Joella,jmclartyf@yolasite.com
17,Wendel,wcaddickg@amazonaws.com
18,Victoria,vquarmbyh@state.gov
19,Nance,ncastlesi@51.la
20,Leonerd,lvickorsj@walmart.com
